科室,行号,发货单号,包名,包数,原单价,系统规则单价,原总价,系统校正总价,差额,匹配规则,类型
介入科,11,1610412,静脉包,1.0,105.6,101.2,105.6,101.2,-4.4,无纺布按把4.4,器械包(ZSD)
介入科,12,1610412,持物钳罐-2/w6050,1.0,13.2,8.8,13.2,8.8,-4.4,无纺布按把4.4,额外包(无纺布)
妇二,17,1608704,持物钳罐-2/w6050,1.0,13.2,8.8,13.2,8.8,-4.4,无纺布按把4.4,额外包(无纺布)
妇二,21,1609409,持物钳罐-2/w6050,1.0,13.2,8.8,13.2,8.8,-4.4,无纺布按把4.4,额外包(无纺布)
妇二,30,1610405,持物钳罐-2/w6050,1.0,13.2,8.8,13.2,8.8,-4.4,无纺布按把4.4,额外包(无纺布)
妇二,36,1610841,持物钳罐-2/w6050,1.0,13.2,8.8,13.2,8.8,-4.4,无纺布按把4.4,额外包(无纺布)
妇二,46,1611888,持物钳罐-2/w6050,1.0,13.2,8.8,13.2,8.8,-4.4,无纺布按把4.4,额外包(无纺布)
妇二,56,1612800,持物钳罐-2/w6050,1.0,13.2,8.8,13.2,8.8,-4.4,无纺布按把4.4,额外包(无纺布)
妇二,65,1613591,持物钳罐-2/w6050,1.0,13.2,8.8,13.2,8.8,-4.4,无纺布按把4.4,额外包(无纺布)
妇二,78,1614544,持物钳罐-2/w6050,1.0,13.2,8.8,13.2,8.8,-4.4,无纺布按把4.4,额外包(无纺布)
妇科门诊,10,1609411,镊子缸-2/w6050,1.0,13.2,8.8,13.2,8.8,-4.4,无纺布按把4.4,额外包(无纺布)
手术室(一区),31,1608708,咬钉器-1/w9050,1.0,13.2,4.4,13.2,4.4,-8.8,无纺布按把4.4,额外包(无纺布)
手术室(一区),65,1609081,咬骨钳1 咬骨剪1/w6050,1.0,13.2,8.8,13.2,8.8,-4.4,无纺布按把4.4,额外包(无纺布)
手术室(一区),69,1609129,间盘镜镜头-1件（盒1）/w12050,2.0,28.0,4.4,56.0,8.8,-47.2,无纺布按把4.4,额外包(ETO)
手术室(一区),70,1609129,间盘镜特器-18件（筐1）/w12050,1.0,240.0,79.2,240.0,79.2,-160.8,无纺布按把4.4,额外包(ETO)
手术室(一区),82,1609129,间盘镜镜头-1/w12050,1.0,28.0,4.4,28.0,4.4,-23.6,无纺布按把4.4,单包装包(EO)
手术室(一区),88,1609359,眼科包敷料/W15050,2.0,28.0,4.4,56.0,8.8,-47.2,无纺布按把4.4,敷料包(无纺布包)
手术室(一区),108,1609519,间盘镜镜头-1件（盒1）/w12050,2.0,28.0,4.4,56.0,8.8,-47.2,无纺布按把4.4,额外包(ETO)
手术室(一区),117,1609754,敷料/W15050,1.0,28.0,4.4,28.0,4.4,-23.6,无纺布按把4.4,敷料包(无纺布包)
手术室(一区),118,1609754,手术衣/W15050,1.0,28.0,4.4,28.0,4.4,-23.6,无纺布按把4.4,敷料包(无纺布包)
手术室(一区),119,1609754,眼科包敷料/W15050,3.0,28.0,4.4,84.0,13.2,-70.8,无纺布按把4.4,敷料包(无纺布包)
手术室(一区),136,1609899,胆道镜-6(筐1)/w12050,1.0,240.0,26.4,240.0,26.4,-213.6,无纺布按把4.4,额外包(ETO)
手术室(一区),168,1610416,锤子-1/W6050,1.0,13.2,4.4,13.2,4.4,-8.8,无纺布按把4.4,额外包(无纺布)
手术室(一区),176,1610416,咬骨钳-2/W60050,1.0,13.2,8.8,13.2,8.8,-4.4,无纺布按把4.4,额外包(无纺布)
手术室(一区),177,1610470,间盘镜镜头-1件（盒1）/w12050,1.0,28.0,4.4,28.0,4.4,-23.6,无纺布按把4.4,额外包(低温等离子)
手术室(一区),194,1610849,刨刀-1件（盒1）/w12050,1.0,13.2,8.8,13.2,8.8,-4.4,无纺布按把4.4,单包装包
手术室(一区),203,1610881,关节镜器械（粗）-11件,1.0,149.6,48.4,149.6,48.4,-101.2,无纺布按把4.4,器械包(ETO)
手术室(一区),209,1610881,间盘镜镜头-1件（盒1）/w12050,1.0,28.0,4.4,28.0,4.4,-23.6,无纺布按把4.4,额外包(ETO)
手术室(一区),229,1611153,手术衣/W15050,1.0,28.0,4.4,28.0,4.4,-23.6,无纺布按把4.4,敷料包(无纺布包)
手术室(一区),233,1611153,克式钳1螺丝刀1 /w6050,1.0,13.2,8.8,13.2,8.8,-4.4,无纺布按把4.4,额外包(无纺布)
手术室(一区),235,1611153,咬钉器-1/w9050,1.0,13.2,4.4,13.2,4.4,-8.8,无纺布按把4.4,额外包(无纺布)
手术室(一区),253,1611506,手术衣/W15050,1.0,28.0,4.4,28.0,4.4,-23.6,无纺布按把4.4,敷料包(无纺布包)
手术室(一区),254,1611506,眼科包敷料/W15050,2.0,28.0,4.4,56.0,8.8,-47.2,无纺布按把4.4,敷料包(无纺布包)
手术室(一区),272,1611638,间盘镜镜头-1件（盒1）/w12050,1.0,28.0,4.4,28.0,4.4,-23.6,无纺布按把4.4,额外包(ETO)
手术室(一区),273,1611638,间盘镜特器-18件（筐1）/w12050,1.0,240.0,79.2,240.0,79.2,-160.8,无纺布按把4.4,额外包(ETO)
手术室(一区),279,1611894,磨钻手柄-1件（盒1）/w9050,1.0,13.2,8.8,13.2,8.8,-4.4,无纺布按把4.4,单包装包
手术室(一区),281,1611894,眼科包敷料/W15050,1.0,28.0,4.4,28.0,4.4,-23.6,无纺布按把4.4,敷料包(无纺布包)
手术室(一区),289,1611940,关节镜器械（细）-9件（低温）,1.0,132.0,39.6,132.0,39.6,-92.4,无纺布按把4.4,额外包(低温等离子)
手术室(一区),291,1611980,STORZ 3D镜头 光源-2/w12050,1.0,35.2,8.8,35.2,8.8,-26.4,无纺布按把4.4,额外包(ETO)
手术室(一区),297,1611980,胆道镜-6(筐1)/w12050,1.0,240.0,26.4,240.0,26.4,-213.6,无纺布按把4.4,额外包(ETO)
手术室(一区),311,1612351,敷料/W15050,2.0,28.0,4.4,56.0,8.8,-47.2,无纺布按把4.4,敷料包(无纺布包)
手术室(一区),312,1612351,手术衣/W15050,1.0,28.0,4.4,28.0,4.4,-23.6,无纺布按把4.4,敷料包(无纺布包)
手术室(一区),313,1612351,眼科包敷料/W15050,1.0,28.0,4.4,28.0,4.4,-23.6,无纺布按把4.4,敷料包(无纺布包)
手术室(一区),323,1612471,STORZ 3D镜头 光源-2/w12050,1.0,35.2,8.8,35.2,8.8,-26.4,无纺布按把4.4,额外包(ETO)
手术室(一区),337,1612471,王树人镜头-1（1盒）/w9050,1.0,35.2,4.4,35.2,4.4,-30.8,无纺布按把4.4,额外包(ETO)
手术室(一区),350,1612856,间盘镜镜头-1件（盒1）/w12050,1.0,28.0,4.4,28.0,4.4,-23.6,无纺布按把4.4,额外包(低温等离子)
手术室(一区),351,1612856,间盘镜特器-18框1/w12050,1.0,240.0,83.6,240.0,83.6,-156.4,无纺布按把4.4,额外包(低温等离子)
手术室(一区),352,1612865,STORZ 3D镜头 光源-2/w12050,1.0,35.2,8.8,35.2,8.8,-26.4,无纺布按把4.4,额外包(ETO)
手术室(一区),358,1612865,间盘镜镜头-1件（盒1）/w12050,1.0,28.0,4.4,28.0,4.4,-23.6,无纺布按把4.4,额外包(ETO)
手术室(一区),365,1613061,手术衣/W15050,1.0,28.0,4.4,28.0,4.4,-23.6,无纺布按把4.4,敷料包(无纺布包)
手术室(一区),385,1613270,间盘镜镜头-1件（盒1）/w12050,1.0,28.0,4.4,28.0,4.4,-23.6,无纺布按把4.4,额外包(ETO)
手术室(一区),390,1613594,眼科包敷料/W15050,1.0,28.0,4.4,28.0,4.4,-23.6,无纺布按把4.4,敷料包(无纺布包)
手术室(一区),433,1614612,胆道镜-6(筐1)/w12050,1.0,240.0,26.4,240.0,26.4,-213.6,无纺布按把4.4,额外包(ETO)
手术室(一区),447,1614928,刨刀-1件（盒1）/w12050,1.0,13.2,8.8,13.2,8.8,-4.4,无纺布按把4.4,单包装包
手术室(一区),471,1615301,敷料/W15050,2.0,28.0,4.4,56.0,8.8,-47.2,无纺布按把4.4,敷料包(无纺布包)
手术室(一区),472,1615301,手术衣/W15050,1.0,28.0,4.4,28.0,4.4,-23.6,无纺布按把4.4,敷料包(无纺布包)
手术室(一区),473,1615301,眼科包敷料/W15050,4.0,28.0,4.4,112.0,17.6,-94.4,无纺布按把4.4,敷料包(无纺布包)
手术室(一区),486,1615360,间盘镜镜头-1件（盒1）/w12050,1.0,28.0,4.4,28.0,4.4,-23.6,无纺布按把4.4,额外包(ETO)
手术室(一区),505,1615524,敷料/W15050,2.0,28.0,4.4,56.0,8.8,-47.2,无纺布按把4.4,敷料包(无纺布包)
手术室(一区),506,1615524,手术衣/W15050,2.0,28.0,4.4,56.0,8.8,-47.2,无纺布按把4.4,敷料包(无纺布包)
手术室(一区),507,1615524,眼科包敷料/W15050,3.0,28.0,4.4,84.0,13.2,-70.8,无纺布按把4.4,敷料包(无纺布包)
手术室(一区),525,1615681,胆道镜-6(筐1)/w12050,1.0,240.0,26.4,240.0,26.4,-213.6,无纺布按把4.4,额外包(ETO)
手术室(一区),534,1615681,张景欣特器-10盒1/w12050,1.0,132.0,39.6,132.0,39.6,-92.4,无纺布按把4.4,额外包(ETO)
手术室(一区),539,1616093,手术衣/W15050,1.0,28.0,4.4,28.0,4.4,-23.6,无纺布按把4.4,敷料包(无纺布包)
手术室(一区),540,1616093,眼科包敷料/W15050,1.0,28.0,4.4,28.0,4.4,-23.6,无纺布按把4.4,敷料包(无纺布包)
手术室(一区),556,1616254,敷料/W15050,1.0,28.0,4.4,28.0,4.4,-23.6,无纺布按把4.4,敷料包(无纺布包)
手术室(二区),9,1608264,手术衣/W15050,2.0,28.0,4.4,56.0,8.8,-47.2,无纺布按把4.4,敷料包(无纺布包)
手术室(二区),15,1608340,镜头1 手件4盒1/W12050,1.0,70.4,17.6,70.4,17.6,-52.8,无纺布按把4.4,单包装包(EO)
手术室(二区),18,1609802,手术衣/W15050,1.0,28.0,4.4,28.0,4.4,-23.6,无纺布按把4.4,敷料包(无纺布包)
手术室(二区),21,1609862,咬骨钳1 咬骨剪1/w6050,1.0,13.2,8.8,13.2,8.8,-4.4,无纺布按把4.4,额外包(无纺布)
手术室(二区),31,1612027,气腹管-1/W7050,1.0,28.0,4.4,28.0,4.4,-23.6,无纺布按把4.4,额外包(低温等离子)
手术室(二区),37,1612421,手术衣/W12050,1.0,28.0,4.4,28.0,4.4,-23.6,无纺布按把4.4,敷料包(无纺布包)
手术室(二区),43,1612470,镜头1 手件4盒1/W12050,2.0,70.4,17.6,140.8,35.2,-105.6,无纺布按把4.4,单包装包(EO)
手术室(二区),51,1613269,镜头1 手件4盒1/W12050,1.0,70.4,17.6,70.4,17.6,-52.8,无纺布按把4.4,单包装包(EO)
手术室(二区),64,1613635,气腹管-1（布）/w7050,1.0,28.0,4.4,28.0,4.4,-23.6,无纺布按把4.4,额外包(ETO)
手术室(二区),75,1613753,气腹管-1/W7050,1.0,28.0,4.4,28.0,4.4,-23.6,无纺布按把4.4,额外包(低温等离子)
手术室(二区),79,1614512,手术衣/W12050,2.0,28.0,4.4,56.0,8.8,-47.2,无纺布按把4.4,敷料包(无纺布包)
手术室(二区),94,1615359,镜头1 手件4盒1/W12050,1.0,70.4,17.6,70.4,17.6,-52.8,无纺布按把4.4,单包装包(EO)
手术室(二区),98,1615711,手术衣/W15050,10.0,28.0,4.4,280.0,44.0,-236.0,无纺布按把4.4,敷料包(无纺布包)
清洁区（手术室）,9,1608252,洗手服（L号）/W15050,1.0,28.0,4.4,28.0,4.4,-23.6,无纺布按把4.4,敷料包(无纺布包)
清洁区（手术室）,10,1608252,洗手服（XL号）/W15050,1.0,28.0,4.4,28.0,4.4,-23.6,无纺布按把4.4,敷料包(无纺布包)
清洁区（手术室）,11,1608252,洗手服（XXXL号）/W15050,1.0,28.0,4.4,28.0,4.4,-23.6,无纺布按把4.4,敷料包(无纺布包)
清洁区（手术室）,12,1608252,洗手服（混号）/W15050,1.0,28.0,4.4,28.0,4.4,-23.6,无纺布按把4.4,敷料包(无纺布包)
清洁区（手术室）,13,1608660,洗手服（XL号）/W15050,1.0,28.0,4.4,28.0,4.4,-23.6,无纺布按把4.4,敷料包(无纺布包)
清洁区（手术室）,14,1608660,洗手服（XXXL号）/W15050,1.0,28.0,4.4,28.0,4.4,-23.6,无纺布按把4.4,敷料包(无纺布包)
清洁区（手术室）,15,1608660,洗手服（混号）/W12050,1.0,28.0,4.4,28.0,4.4,-23.6,无纺布按把4.4,敷料包(无纺布包)
清洁区（手术室）,16,1609360,洗手服（L号）/W15050,2.0,28.0,4.4,56.0,8.8,-47.2,无纺布按把4.4,敷料包(无纺布包)
清洁区（手术室）,17,1609360,洗手服（M号）/W15050,1.0,28.0,4.4,28.0,4.4,-23.6,无纺布按把4.4,敷料包(无纺布包)
清洁区（手术室）,18,1609360,洗手服（XL号）/W15050,4.0,28.0,4.4,112.0,17.6,-94.4,无纺布按把4.4,敷料包(无纺布包)
清洁区（手术室）,19,1609360,洗手服（XXL号）/W15050,1.0,28.0,4.4,28.0,4.4,-23.6,无纺布按把4.4,敷料包(无纺布包)
清洁区（手术室）,20,1609360,洗手服（XXXL号）/W15050,3.0,28.0,4.4,84.0,13.2,-70.8,无纺布按把4.4,敷料包(无纺布包)
清洁区（手术室）,21,1609360,洗手服（混号）/W15050,2.0,28.0,4.4,56.0,8.8,-47.2,无纺布按把4.4,敷料包(无纺布包)
清洁区（手术室）,22,1609753,洗手服（3XL号）/W15050,1.0,28.0,4.4,28.0,4.4,-23.6,无纺布按把4.4,敷料包(无纺布包)
清洁区（手术室）,23,1609753,洗手服（L号）/W15050,1.0,28.0,4.4,28.0,4.4,-23.6,无纺布按把4.4,敷料包(无纺布包)
清洁区（手术室）,24,1609753,洗手服（XL号）/W15050,1.0,28.0,4.4,28.0,4.4,-23.6,无纺布按把4.4,敷料包(无纺布包)
清洁区（手术室）,25,1609753,洗手服（混号）/W15050,1.0,28.0,4.4,28.0,4.4,-23.6,无纺布按把4.4,敷料包(无纺布包)
清洁区（手术室）,26,1610343,洗手服（3XL号）/W15050,2.0,28.0,4.4,56.0,8.8,-47.2,无纺布按把4.4,敷料包(无纺布包)
清洁区（手术室）,27,1610343,洗手服（L号）/W15050,2.0,28.0,4.4,56.0,8.8,-47.2,无纺布按把4.4,敷料包(无纺布包)
清洁区（手术室）,28,1610343,洗手服（XL号）/W15050,2.0,28.0,4.4,56.0,8.8,-47.2,无纺布按把4.4,敷料包(无纺布包)
清洁区（手术室）,29,1610343,洗手服（混号）/W15050,1.0,28.0,4.4,28.0,4.4,-23.6,无纺布按把4.4,敷料包(无纺布包)
清洁区（手术室）,30,1610754,洗手服（L号）/W15050,1.0,28.0,4.4,28.0,4.4,-23.6,无纺布按把4.4,敷料包(无纺布包)
清洁区（手术室）,31,1610754,洗手服（XL号）/W15050,1.0,28.0,4.4,28.0,4.4,-23.6,无纺布按把4.4,敷料包(无纺布包)
清洁区（手术室）,32,1610754,洗手服（XXXL号）/W15050,1.0,28.0,4.4,28.0,4.4,-23.6,无纺布按把4.4,敷料包(无纺布包)
清洁区（手术室）,33,1610754,洗手服（混码）/W15050,2.0,28.0,4.4,56.0,8.8,-47.2,无纺布按把4.4,敷料包(无纺布包)
清洁区（手术室）,34,1610754,眼科包敷料/W15050,1.0,28.0,4.4,28.0,4.4,-23.6,无纺布按把4.4,敷料包(无纺布包)
清洁区（手术室）,35,1611100,洗手服（2XL号）/W15050,1.0,28.0,4.4,28.0,4.4,-23.6,无纺布按把4.4,敷料包(无纺布包)
清洁区（手术室）,36,1611100,洗手服（3XL号）/W15050,2.0,28.0,4.4,56.0,8.8,-47.2,无纺布按把4.4,敷料包(无纺布包)
清洁区（手术室）,37,1611100,洗手服（L号）/W15050,1.0,28.0,4.4,28.0,4.4,-23.6,无纺布按把4.4,敷料包(无纺布包)
清洁区（手术室）,38,1611100,洗手服（XL号）/W15050,2.0,28.0,4.4,56.0,8.8,-47.2,无纺布按把4.4,敷料包(无纺布包)
清洁区（手术室）,39,1611505,洗手服（3XL号）/W15050,2.0,28.0,4.4,56.0,8.8,-47.2,无纺布按把4.4,敷料包(无纺布包)
清洁区（手术室）,40,1611505,洗手服（L号）/W15050,1.0,28.0,4.4,28.0,4.4,-23.6,无纺布按把4.4,敷料包(无纺布包)
清洁区（手术室）,41,1611505,洗手服（M号）/W15050,1.0,28.0,4.4,28.0,4.4,-23.6,无纺布按把4.4,敷料包(无纺布包)
清洁区（手术室）,42,1611505,洗手服（XL号）/W15050,1.0,28.0,4.4,28.0,4.4,-23.6,无纺布按把4.4,敷料包(无纺布包)
清洁区（手术室）,43,1611505,洗手服（混号）/W15050,1.0,28.0,4.4,28.0,4.4,-23.6,无纺布按把4.4,敷料包(无纺布包)
清洁区（手术室）,44,1611835,洗手服（2XL号）/W15050,1.0,28.0,4.4,28.0,4.4,-23.6,无纺布按把4.4,敷料包(无纺布包)
清洁区（手术室）,45,1611835,洗手服（3XL号）/W15050,2.0,28.0,4.4,56.0,8.8,-47.2,无纺布按把4.4,敷料包(无纺布包)
清洁区（手术室）,46,1611835,洗手服（L号）/W15050,2.0,28.0,4.4,56.0,8.8,-47.2,无纺布按把4.4,敷料包(无纺布包)
清洁区（手术室）,47,1611835,洗手服（XL号）/W15050,2.0,28.0,4.4,56.0,8.8,-47.2,无纺布按把4.4,敷料包(无纺布包)
清洁区（手术室）,48,1611835,洗手服（混码）/W15050,1.0,28.0,4.4,28.0,4.4,-23.6,无纺布按把4.4,敷料包(无纺布包)
清洁区（手术室）,49,1612350,洗手服（3XL号）/W15050,1.0,28.0,4.4,28.0,4.4,-23.6,无纺布按把4.4,敷料包(无纺布包)
清洁区（手术室）,50,1612350,洗手服（XL号）/W15050,1.0,28.0,4.4,28.0,4.4,-23.6,无纺布按把4.4,敷料包(无纺布包)
清洁区（手术室）,51,1612350,洗手服（混码）/W15050,2.0,28.0,4.4,56.0,8.8,-47.2,无纺布按把4.4,敷料包(无纺布包)
清洁区（手术室）,52,1612733,洗手服（3XL号）/W15050,2.0,28.0,4.4,56.0,8.8,-47.2,无纺布按把4.4,敷料包(无纺布包)
清洁区（手术室）,53,1612733,洗手服（L号）/W15050,2.0,28.0,4.4,56.0,8.8,-47.2,无纺布按把4.4,敷料包(无纺布包)
清洁区（手术室）,54,1612733,洗手服（M号）/W15050,1.0,28.0,4.4,28.0,4.4,-23.6,无纺布按把4.4,敷料包(无纺布包)
清洁区（手术室）,55,1612733,洗手服（XL号）/W15050,2.0,28.0,4.4,56.0,8.8,-47.2,无纺布按把4.4,敷料包(无纺布包)
清洁区（手术室）,56,1612733,洗手服（混号）/W15050,1.0,28.0,4.4,28.0,4.4,-23.6,无纺布按把4.4,敷料包(无纺布包)
清洁区（手术室）,57,1613060,洗手服（L号）/W15050,1.0,28.0,4.4,28.0,4.4,-23.6,无纺布按把4.4,敷料包(无纺布包)
清洁区（手术室）,58,1613060,洗手服（XL号）/W15050,2.0,28.0,4.4,56.0,8.8,-47.2,无纺布按把4.4,敷料包(无纺布包)
清洁区（手术室）,59,1613060,洗手服（XXXL号）/W15050,2.0,28.0,4.4,56.0,8.8,-47.2,无纺布按把4.4,敷料包(无纺布包)
清洁区（手术室）,60,1613060,洗手服（混号）/W15050,1.0,28.0,4.4,28.0,4.4,-23.6,无纺布按把4.4,敷料包(无纺布包)
清洁区（手术室）,61,1613524,洗手服（L号）/W15050,1.0,28.0,4.4,28.0,4.4,-23.6,无纺布按把4.4,敷料包(无纺布包)
清洁区（手术室）,62,1613524,洗手服（XL号）/W15050,1.0,28.0,4.4,28.0,4.4,-23.6,无纺布按把4.4,敷料包(无纺布包)
清洁区（手术室）,63,1613524,洗手服（XXXL号）/W15050,1.0,28.0,4.4,28.0,4.4,-23.6,无纺布按把4.4,敷料包(无纺布包)
清洁区（手术室）,64,1613524,洗手服（混码）/W15050,1.0,28.0,4.4,28.0,4.4,-23.6,无纺布按把4.4,敷料包(无纺布包)
清洁区（手术室）,65,1614098,洗手服（L号）/W15050,1.0,28.0,4.4,28.0,4.4,-23.6,无纺布按把4.4,敷料包(无纺布包)
清洁区（手术室）,66,1614098,洗手服（XL号）/W15050,2.0,28.0,4.4,56.0,8.8,-47.2,无纺布按把4.4,敷料包(无纺布包)
清洁区（手术室）,67,1614098,洗手服（XXXL号）/W15050,2.0,28.0,4.4,56.0,8.8,-47.2,无纺布按把4.4,敷料包(无纺布包)
清洁区（手术室）,68,1614098,洗手服（混号）/W15050,1.0,28.0,4.4,28.0,4.4,-23.6,无纺布按把4.4,敷料包(无纺布包)
清洁区（手术室）,69,1614511,洗手服（XL号）/W15050,2.0,28.0,4.4,56.0,8.8,-47.2,无纺布按把4.4,敷料包(无纺布包)
清洁区（手术室）,70,1614511,洗手服（XXXL号）/W15050,2.0,28.0,4.4,56.0,8.8,-47.2,无纺布按把4.4,敷料包(无纺布包)
清洁区（手术室）,71,1614511,洗手服（混码）/W15050,2.0,28.0,4.4,56.0,8.8,-47.2,无纺布按把4.4,敷料包(无纺布包)
清洁区（手术室）,72,1614866,洗手服（3XL号）/W15050,1.0,28.0,4.4,28.0,4.4,-23.6,无纺布按把4.4,敷料包(无纺布包)
清洁区（手术室）,73,1614866,洗手服（L号）/W15050,1.0,28.0,4.4,28.0,4.4,-23.6,无纺布按把4.4,敷料包(无纺布包)
清洁区（手术室）,74,1614866,洗手服（XL号）/W15050,1.0,28.0,4.4,28.0,4.4,-23.6,无纺布按把4.4,敷料包(无纺布包)
清洁区（手术室）,75,1614866,洗手服（混号）/W15050,1.0,28.0,4.4,28.0,4.4,-23.6,无纺布按把4.4,敷料包(无纺布包)
清洁区（手术室）,76,1615258,洗手服（L号）/W15050,1.0,28.0,4.4,28.0,4.4,-23.6,无纺布按把4.4,敷料包(无纺布包)
清洁区（手术室）,77,1615258,洗手服（XL号）/W15050,1.0,28.0,4.4,28.0,4.4,-23.6,无纺布按把4.4,敷料包(无纺布包)
清洁区（手术室）,78,1615258,洗手服（XXXL号）/W15050,1.0,28.0,4.4,28.0,4.4,-23.6,无纺布按把4.4,敷料包(无纺布包)
清洁区（手术室）,79,1615258,洗手服（混码）/W15050,3.0,28.0,4.4,84.0,13.2,-70.8,无纺布按把4.4,敷料包(无纺布包)
清洁区（手术室）,80,1615523,洗手服（XL号）/W15050,1.0,28.0,4.4,28.0,4.4,-23.6,无纺布按把4.4,敷料包(无纺布包)
清洁区（手术室）,81,1615523,洗手服（混号）/W15050,2.0,28.0,4.4,56.0,8.8,-47.2,无纺布按把4.4,敷料包(无纺布包)
清洁区（手术室）,82,1615531,洗手服（XXXL号）/W15050,1.0,28.0,4.4,28.0,4.4,-23.6,无纺布按把4.4,敷料包(无纺布包)
清洁区（手术室）,83,1615643,洗手服（L号）/W15050,1.0,28.0,4.4,28.0,4.4,-23.6,无纺布按把4.4,敷料包(无纺布包)
清洁区（手术室）,84,1616092,洗手服（2XL号）/W15050,1.0,28.0,4.4,28.0,4.4,-23.6,无纺布按把4.4,敷料包(无纺布包)
清洁区（手术室）,85,1616092,洗手服（3XL号）/W15050,1.0,28.0,4.4,28.0,4.4,-23.6,无纺布按把4.4,敷料包(无纺布包)
清洁区（手术室）,86,1616092,洗手服（XL号）/W15050,1.0,28.0,4.4,28.0,4.4,-23.6,无纺布按把4.4,敷料包(无纺布包)
清洁区（手术室）,87,1616092,洗手服（混号）/W15050,1.0,28.0,4.4,28.0,4.4,-23.6,无纺布按把4.4,敷料包(无纺布包)
眼科病房,14,1609867,镊子缸-2/w6050,1.0,13.2,8.8,13.2,8.8,-4.4,无纺布按把4.4,额外包(无纺布)
眼科门诊322,15,1610419,镊子缸-2/w6050,1.0,13.2,8.8,13.2,8.8,-4.4,无纺布按把4.4,额外包(无纺布)
眼科门诊357,10,1608709,镊子缸-2/w6050,1.0,13.2,8.8,13.2,8.8,-4.4,无纺布按把4.4,额外包(无纺布)
眼科门诊357,14,1614191,镊子缸-2/w6050,1.0,13.2,8.8,13.2,8.8,-4.4,无纺布按把4.4,额外包(无纺布)
计划生育手术室,12,1609418,镊子缸-2/w6050,1.0,13.2,8.8,13.2,8.8,-4.4,无纺布按把4.4,额外包(无纺布)
计划生育手术室,14,1610411,镊子缸-2/w6050,1.0,13.2,8.8,13.2,8.8,-4.4,无纺布按把4.4,额外包(无纺布)
计划生育手术室,23,1612412,镊子缸-2/w6050,1.0,13.2,8.8,13.2,8.8,-4.4,无纺布按把4.4,额外包(无纺布)
计划生育手术室,27,1614550,镊子缸-2/w6050,1.0,13.2,8.8,13.2,8.8,-4.4,无纺布按把4.4,额外包(无纺布)
计划生育手术室,33,1616124,镊子缸-2/w6050,1.0,13.2,8.8,13.2,8.8,-4.4,无纺布按把4.4,额外包(无纺布)
骨三,13,1608707,试管架-1/w6050,1.0,13.2,4.4,13.2,4.4,-8.8,无纺布按把4.4,额外包(无纺布)
骨三,15,1609860,试管架-1/w6050,1.0,13.2,4.4,13.2,4.4,-8.8,无纺布按把4.4,额外包(无纺布)
骨三,20,1611145,试管架-1/w6050,1.0,13.2,4.4,13.2,4.4,-8.8,无纺布按把4.4,额外包(无纺布)
骨三,24,1612411,试管架-1/w6050,1.0,13.2,4.4,13.2,4.4,-8.8,无纺布按把4.4,额外包(无纺布)
骨三,26,1613208,试管架-1/w6050,1.0,13.2,4.4,13.2,4.4,-8.8,无纺布按把4.4,额外包(无纺布)
骨三,29,1614185,试管架-1/w6050,1.0,13.2,4.4,13.2,4.4,-8.8,无纺布按把4.4,额外包(无纺布)
骨三,32,1615294,试管架-1/w6050,1.0,13.2,4.4,13.2,4.4,-8.8,无纺布按把4.4,额外包(无纺布)
骨三,37,1616123,试管架-1/w6050,1.0,13.2,4.4,13.2,4.4,-8.8,无纺布按把4.4,额外包(无纺布)
